{
  "lang":"en",
  "name":"pipeline",
  "version":"0.0.0",
  "spacy_version":">=3.3.0,<3.4.0",
  "description":"",
  "author":"",
  "email":"",
  "url":"",
  "license":"",
  "spacy_git_version":"Unknown",
  "vectors":{
    "width":0,
    "vectors":0,
    "keys":0,
    "name":null,
    "mode":"default"
  },
  "labels":{
    "tok2vec":[

    ],
    "ner":[
      "B",
      "I"
    ]
  },
  "pipeline":[
    "tok2vec",
    "ner"
  ],
  "components":[
    "tok2vec",
    "ner"
  ],
  "disabled":[

  ],
  "performance":{
    "ents_f":0.6843177189,
    "ents_p":0.6885245902,
    "ents_r":0.6801619433,
    "ents_per_type":{
      "B-DATE":{
        "p":0.8125,
        "r":0.7222222222,
        "f":0.7647058824
      },
      "I-INVOICE_NO":{
        "p":0.7941176471,
        "r":0.7297297297,
        "f":0.7605633803
      },
      "I-DATE":{
        "p":0.9375,
        "r":0.8823529412,
        "f":0.9090909091
      },
      "B-COMPANY_NAME":{
        "p":0.9285714286,
        "r":0.8125,
        "f":0.8666666667
      },
      "I-COMPANY_NAME":{
        "p":0.8484848485,
        "r":0.9032258065,
        "f":0.875
      },
      "B-ADDRESS":{
        "p":0.25,
        "r":0.5555555556,
        "f":0.3448275862
      },
      "I-ADDRESS":{
        "p":0.5,
        "r":0.5,
        "f":0.5
      },
      "B-CUST_NAME":{
        "p":0.5625,
        "r":0.6428571429,
        "f":0.6
      },
      "I-CUST_NAME":{
        "p":0.5757575758,
        "r":0.5277777778,
        "f":0.5507246377
      },
      "B-CUST_NO":{
        "p":0.0,
        "r":0.0,
        "f":0.0
      },
      "I-CUST_NO":{
        "p":0.0,
        "r":0.0,
        "f":0.0
      },
      "B-INVOICE_NO":{
        "p":1.0,
        "r":0.6315789474,
        "f":0.7741935484
      },
      "B-PHONE":{
        "p":0.8,
        "r":0.8,
        "f":0.8
      },
      "I-PHONE":{
        "p":1.0,
        "r":1.0,
        "f":1.0
      }
    },
    "tok2vec_loss":365.5400336171,
    "ner_loss":158.0729603478
  }
}