{
  "lang":"en",
  "name":"pipeline",
  "version":"0.0.0",
  "spacy_version":">=3.3.0,<3.4.0",
  "description":"",
  "author":"",
  "email":"",
  "url":"",
  "license":"",
  "spacy_git_version":"Unknown",
  "vectors":{
    "width":0,
    "vectors":0,
    "keys":0,
    "name":null,
    "mode":"default"
  },
  "labels":{
    "tok2vec":[

    ],
    "ner":[
      "B",
      "I"
    ]
  },
  "pipeline":[
    "tok2vec",
    "ner"
  ],
  "components":[
    "tok2vec",
    "ner"
  ],
  "disabled":[

  ],
  "performance":{
    "ents_f":0.7137254902,
    "ents_p":0.6920152091,
    "ents_r":0.7368421053,
    "ents_per_type":{
      "B-DATE":{
        "p":0.8235294118,
        "r":0.7777777778,
        "f":0.8
      },
      "B-INVOICE_NO":{
        "p":0.9285714286,
        "r":0.6842105263,
        "f":0.7878787879
      },
      "I-INVOICE_NO":{
        "p":0.8181818182,
        "r":0.972972973,
        "f":0.8888888889
      },
      "I-DATE":{
        "p":0.875,
        "r":0.8235294118,
        "f":0.8484848485
      },
      "B-COMPANY_NAME":{
        "p":0.9285714286,
        "r":0.8125,
        "f":0.8666666667
      },
      "I-COMPANY_NAME":{
        "p":0.7714285714,
        "r":0.8709677419,
        "f":0.8181818182
      },
      "B-ADDRESS":{
        "p":0.2777777778,
        "r":0.5555555556,
        "f":0.3703703704
      },
      "I-ADDRESS":{
        "p":0.5151515152,
        "r":0.4722222222,
        "f":0.4927536232
      },
      "B-CUST_NAME":{
        "p":0.5882352941,
        "r":0.7142857143,
        "f":0.6451612903
      },
      "I-CUST_NAME":{
        "p":0.5714285714,
        "r":0.6666666667,
        "f":0.6153846154
      },
      "I-CUST_NO":{
        "p":0.0,
        "r":0.0,
        "f":0.0
      },
      "B-PHONE":{
        "p":0.8333333333,
        "r":1.0,
        "f":0.9090909091
      },
      "I-PHONE":{
        "p":1.0,
        "r":0.8,
        "f":0.8888888889
      },
      "B-CUST_NO":{
        "p":0.0,
        "r":0.0,
        "f":0.0
      }
    },
    "tok2vec_loss":264.9252881233,
    "ner_loss":144.1936738894
  }
}